,,22_names,23_names
"","","Houston County, Alabama","Houston County, Alabama"
"","","Apache County, Arizona","Apache County, Arizona"
"","","Los Angeles County, California","Los Angeles County, California"
"","","Sonoma County, California","Sonoma County, California"
"","","Alameda County, California","Alameda County, California"
"","","Mendocino County, California","Mendocino County, California"
"","","Mesa County, Colorado","Mesa County, Colorado"
"","","Napa County, California","Napa County, California"
"","","Sussex County, Delaware","Sussex County, Delaware"
"","","Miami-Dade County, Florida","Miami-Dade County, Florida"
"","","Lee County, Florida","Lee County, Florida"
"","","Escambia County, Florida","Escambia County, Florida"
"","","Cook County, Illinois","Cook County, Illinois"
"","","Richmond County, Georgia","Richmond County, Georgia"
"","","Effingham County, Georgia","Effingham County, Georgia"
"","","Canyon County, Idaho","Canyon County, Idaho"
"","","Marquette County, Michigan","Marquette County, Michigan"
"","","Scott County, Iowa","Scott County, Iowa"
"","","Onondaga County, New York","Onondaga County, New York"
"","","Orange County, New York","Orange County, New York"
"","","Denver County, Colorado","Denver County, Colorado"
"","","Hardin County, Kentucky","Hardin County, Kentucky"
"","","Macomb County, Michigan","Macomb County, Michigan"
"","","Jefferson Parish, Louisiana","Jefferson Parish, Louisiana"
"","","Matanuska-Susitna Borough, Alaska","Matanuska-Susitna Borough, Alaska"
"","","Baltimore County, Maryland","Baltimore County, Maryland"
"","","Montgomery County, Maryland","Montgomery County, Maryland"
"","","Elmore County, Alabama","Elmore County, Alabama"
"","","Barnstable County, Massachusetts","Barnstable County, Massachusetts"
"","","Hampden County, Massachusetts","Hampden County, Massachusetts"
"","","Etowah County, Alabama","Etowah County, Alabama"
"","","St. Clair County, Alabama","St. Clair County, Alabama"
"","","St. Louis County, Minnesota","St. Louis County, Minnesota"
"","","Cape Girardeau County, Missouri","Cape Girardeau County, Missouri"
"","","Gallatin County, Montana","Gallatin County, Montana"
"","","Cumberland County, New Jersey","Cumberland County, New Jersey"
"","","Warren County, New Jersey","Warren County, New Jersey"
"","","Burlington County, New Jersey","Burlington County, New Jersey"
"","","Middlesex County, New Jersey","Middlesex County, New Jersey"
"","","Carteret County, North Carolina","Carteret County, North Carolina"
"","","Cuyahoga County, Ohio","Cuyahoga County, Ohio"
"","","Josephine County, Oregon","Josephine County, Oregon"
"","","Delaware County, Pennsylvania","Delaware County, Pennsylvania"
"","","Erie County, Pennsylvania","Erie County, Pennsylvania"
"","","York County, South Carolina","York County, South Carolina"
"","","Lancaster County, South Carolina","Lancaster County, South Carolina"
"","","Hamilton County, Tennessee","Hamilton County, Tennessee"
"","","Sullivan County, Tennessee","Sullivan County, Tennessee"
"","","Blount County, Tennessee","Blount County, Tennessee"
"","","Harris County, Texas","Harris County, Texas"
"","","Wood County, West Virginia","Wood County, West Virginia"
"","","Loudoun County, Virginia","Loudoun County, Virginia"
"","","Grays Harbor County, Washington","Grays Harbor County, Washington"
"","","Pierce County, Washington","Pierce County, Washington"
"","","Sutter County, California","Sutter County, California"
"","","Osceola County, Florida","Osceola County, Florida"
"","","Sumter County, Florida","Sumter County, Florida"
"","","Putnam County, Florida","Putnam County, Florida"
"","","Gwinnett County, Georgia","Gwinnett County, Georgia"
"","","Newton County, Georgia","Newton County, Georgia"
"","","Hampshire County, Massachusetts","Hampshire County, Massachusetts"
"","","Scott County, Minnesota","Scott County, Minnesota"
"","","Rankin County, Mississippi","Rankin County, Mississippi"
"","","Cascade County, Montana","Cascade County, Montana"
"","","Madison County, New York","Madison County, New York"
"","","Pitt County, North Carolina","Pitt County, North Carolina"
"","","Harnett County, North Carolina","Harnett County, North Carolina"
"","","Moore County, North Carolina","Moore County, North Carolina"
"","","Burke County, North Carolina","Burke County, North Carolina"
"","","Buncombe County, North Carolina","Buncombe County, North Carolina"
"","","Marion County, Ohio","Marion County, Ohio"
"","","Cleveland County, Oklahoma","Cleveland County, Oklahoma"
"","","Lancaster County, Pennsylvania","Lancaster County, Pennsylvania"
"","","Dauphin County, Pennsylvania","Dauphin County, Pennsylvania"
"","","Centre County, Pennsylvania","Centre County, Pennsylvania"
"","","Indiana County, Pennsylvania","Indiana County, Pennsylvania"
"","","Pickens County, South Carolina","Pickens County, South Carolina"
"","","Florence County, South Carolina","Florence County, South Carolina"
"","","Pennington County, South Dakota","Pennington County, South Dakota"
"","","Ellis County, Texas","Ellis County, Texas"
"","","Williamson County, Texas","Williamson County, Texas"
"","","Henderson County, Texas","Henderson County, Texas"
"","","Angelina County, Texas","Angelina County, Texas"
"","","Taylor County, Texas","Taylor County, Texas"
"","","Weber County, Utah","Weber County, Utah"
"","","Salt Lake County, Utah","Salt Lake County, Utah"
"","","Hanover County, Virginia","Hanover County, Virginia"
"","","Albemarle County, Virginia","Albemarle County, Virginia"
"","","Bedford County, Virginia","Bedford County, Virginia"
"","","Augusta County, Virginia","Augusta County, Virginia"
"","","Montgomery County, Virginia","Montgomery County, Virginia"
"","","Benton County, Washington","Benton County, Washington"
"","","Harrison County, West Virginia","Harrison County, West Virginia"
"","","Sauk County, Wisconsin","Sauk County, Wisconsin"
"","","Mayagüez Municipio, Puerto Rico","Mayagüez Municipio, Puerto Rico"
"","","Carolina Municipio, Puerto Rico","Carolina Municipio, Puerto Rico"
"","","Ponce Municipio, Puerto Rico","Ponce Municipio, Puerto Rico"
"","","New Castle County, Delaware","New Castle County, Delaware"
"","","Shasta County, California","Shasta County, California"
"","","Maricopa County, Arizona","Maricopa County, Arizona"
"","","Volusia County, Florida","Volusia County, Florida"
"","","Pasco County, Florida","Pasco County, Florida"
"","","Citrus County, Florida","Citrus County, Florida"
"","","Walton County, Florida","Walton County, Florida"
"","","Duval County, Florida","Duval County, Florida"
"","","Hernando County, Florida","Hernando County, Florida"
"","","DuPage County, Illinois","DuPage County, Illinois"
"","","Rock Island County, Illinois","Rock Island County, Illinois"
"","","Muscogee County, Georgia","Muscogee County, Georgia"
"","","Glynn County, Georgia","Glynn County, Georgia"
"","","Madison County, Alabama","Madison County, Alabama"
"","","Benton County, Arkansas","Benton County, Arkansas"
"","","Mohave County, Arizona","Mohave County, Arizona"
"","","Coconino County, Arizona","Coconino County, Arizona"
"","","Santa Barbara County, California","Santa Barbara County, California"
"","","Ventura County, California","Ventura County, California"
"","","Imperial County, California","Imperial County, California"
"","","Riverside County, California","Riverside County, California"
"","","Humboldt County, California","Humboldt County, California"
"","","Weld County, Colorado","Weld County, Colorado"
"","","Larimer County, Colorado","Larimer County, Colorado"
"","","Capitol Planning Region, Connecticut","Capitol Planning Region, Connecticut"
"","","Lucas County, Ohio","Lucas County, Ohio"
"","","Lane County, Oregon","Lane County, Oregon"
"","","Fayette County, Pennsylvania","Fayette County, Pennsylvania"
"","","Franklin County, Pennsylvania","Franklin County, Pennsylvania"
"","","Providence County, Rhode Island","Providence County, Rhode Island"
"","","Aiken County, South Carolina","Aiken County, South Carolina"
"","","Orange County, Florida","Orange County, Florida"
"","","Monroe County, Michigan","Monroe County, Michigan"
"","","Johnson County, Indiana","Johnson County, Indiana"
"","","New York County, New York","New York County, New York"
"","","Oneida County, New York","Oneida County, New York"
"","","Jefferson County, Colorado","Jefferson County, Colorado"
"","","Cattaraugus County, New York","Cattaraugus County, New York"
"","","Caddo Parish, Louisiana","Caddo Parish, Louisiana"
"","","York County, Maine","York County, Maine"
"","","Aroostook County, Maine","Aroostook County, Maine"
"","","Fairbanks North Star Borough, Alaska","Fairbanks North Star Borough, Alaska"
"","","St. Mary's County, Maryland","St. Mary's County, Maryland"
"","","Charles County, Maryland","Charles County, Maryland"
"","","Frederick County, Maryland","Frederick County, Maryland"
"","","Washington County, Maryland","Washington County, Maryland"
"","","Cullman County, Alabama","Cullman County, Alabama"
"","","Talladega County, Alabama","Talladega County, Alabama"
"","","Suffolk County, Massachusetts","Suffolk County, Massachusetts"
"","","Bristol County, Massachusetts","Bristol County, Massachusetts"
"","","Clay County, Minnesota","Clay County, Minnesota"
"","","Jackson County, Missouri","Jackson County, Missouri"
"","","St. Charles County, Missouri","St. Charles County, Missouri"
"","","Strafford County, New Hampshire","Strafford County, New Hampshire"
"","","Cape May County, New Jersey","Cape May County, New Jersey"
"","","Gloucester County, New Jersey","Gloucester County, New Jersey"
"","","Bergen County, New Jersey","Bergen County, New Jersey"
"","","Hunterdon County, New Jersey","Hunterdon County, New Jersey"
"","","San Juan County, New Mexico","San Juan County, New Mexico"
"","","Jefferson County, New York","Jefferson County, New York"
"","","Clinton County, New York","Clinton County, New York"
"","","New Hanover County, North Carolina","New Hanover County, North Carolina"
"","","Mecklenburg County, North Carolina","Mecklenburg County, North Carolina"
"","","Henderson County, North Carolina","Henderson County, North Carolina"
"","","Robeson County, North Carolina","Robeson County, North Carolina"
"","","Cass County, North Dakota","Cass County, North Dakota"
"","","Lowndes County, Georgia","Lowndes County, Georgia"
"","","Honolulu County, Hawaii","Honolulu County, Hawaii"
"","","Hawaii County, Hawaii","Hawaii County, Hawaii"
"","","Bullitt County, Kentucky","Bullitt County, Kentucky"
"","","Fayette County, Kentucky","Fayette County, Kentucky"
"","","Anderson County, South Carolina","Anderson County, South Carolina"
"","","Spartanburg County, South Carolina","Spartanburg County, South Carolina"
"","","Sevier County, Tennessee","Sevier County, Tennessee"
"","","Robertson County, Tennessee","Robertson County, Tennessee"
"","","Galveston County, Texas","Galveston County, Texas"
"","","Webb County, Texas","Webb County, Texas"
"","","San Patricio County, Texas","San Patricio County, Texas"
"","","El Paso County, Texas","El Paso County, Texas"
"","","Jefferson County, Texas","Jefferson County, Texas"
"","","Cache County, Utah","Cache County, Utah"
"","","James City County, Virginia","James City County, Virginia"
"","","Prince William County, Virginia","Prince William County, Virginia"
"","","Fairfax County, Virginia","Fairfax County, Virginia"
"","","Whatcom County, Washington","Whatcom County, Washington"
"","","Thurston County, Washington","Thurston County, Washington"
"","","King County, Washington","King County, Washington"
"","","Jefferson County, Arkansas","Jefferson County, Arkansas"
"","","Madera County, California","Madera County, California"
"","","Merced County, California","Merced County, California"
"","","Tehama County, California","Tehama County, California"
"","","Yuba County, California","Yuba County, California"
"","","Alachua County, Florida","Alachua County, Florida"
"","","Leon County, Florida","Leon County, Florida"
"","","Columbia County, Florida","Columbia County, Florida"
"","","DeKalb County, Georgia","DeKalb County, Georgia"
"","","Hall County, Georgia","Hall County, Georgia"
"","","Houston County, Georgia","Houston County, Georgia"
"","","Jackson County, Georgia","Jackson County, Georgia"
"","","Barrow County, Georgia","Barrow County, Georgia"
"","","Fayette County, Georgia","Fayette County, Georgia"
"","","Victoria County, Texas","Victoria County, Texas"
"","","Walker County, Texas","Walker County, Texas"
"","","St. Tammany Parish, Louisiana","St. Tammany Parish, Louisiana"
"","","Ouachita Parish, Louisiana","Ouachita Parish, Louisiana"
"","","St. Landry Parish, Louisiana","St. Landry Parish, Louisiana"
"","","Howard County, Maryland","Howard County, Maryland"
"","","Hennepin County, Minnesota","Hennepin County, Minnesota"
"","","Blue Earth County, Minnesota","Blue Earth County, Minnesota"
"","","Madison County, Mississippi","Madison County, Mississippi"
"","","Lee County, Mississippi","Lee County, Mississippi"
"","","Lamar County, Mississippi","Lamar County, Mississippi"
"","","Missoula County, Montana","Missoula County, Montana"
"","","Lewis and Clark County, Montana","Lewis and Clark County, Montana"
"","","Morris County, New Jersey","Morris County, New Jersey"
"","","Saratoga County, New York","Saratoga County, New York"
"","","Caldwell County, North Carolina","Caldwell County, North Carolina"
"","","Clackamas County, Oregon","Clackamas County, Oregon"
"","","Marion County, Oregon","Marion County, Oregon"
"","","Sumter County, South Carolina","Sumter County, South Carolina"
"","","Dorchester County, South Carolina","Dorchester County, South Carolina"
"","","Berkeley County, South Carolina","Berkeley County, South Carolina"
"","","Orangeburg County, South Carolina","Orangeburg County, South Carolina"
"","","Kershaw County, South Carolina","Kershaw County, South Carolina"
"","","Laurens County, South Carolina","Laurens County, South Carolina"
"","","Knox County, Tennessee","Knox County, Tennessee"
"","","Wilson County, Tennessee","Wilson County, Tennessee"
"","","Maury County, Tennessee","Maury County, Tennessee"
"","","Comal County, Texas","Comal County, Texas"
"","","Travis County, Texas","Travis County, Texas"
"","","Prince George's County, Maryland","Prince George's County, Maryland"
"","","Cecil County, Maryland","Cecil County, Maryland"
"","","Montgomery County, Alabama","Montgomery County, Alabama"
"","","Marshall County, Alabama","Marshall County, Alabama"
"","","Middlesex County, Massachusetts","Middlesex County, Massachusetts"
"","","Worcester County, Massachusetts","Worcester County, Massachusetts"
"","","Clark County, Nevada","Clark County, Nevada"
"","","Salem County, New Jersey","Salem County, New Jersey"
"","","Mercer County, New Jersey","Mercer County, New Jersey"
"","","Chautauqua County, New York","Chautauqua County, New York"
"","","Brunswick County, North Carolina","Brunswick County, North Carolina"
"","","Hamilton County, Ohio","Hamilton County, Ohio"
"","","Klamath County, Oregon","Klamath County, Oregon"
"","","York County, Pennsylvania","York County, Pennsylvania"
"","","Northampton County, Pennsylvania","Northampton County, Pennsylvania"
"","","Charleston County, South Carolina","Charleston County, South Carolina"
"","","Shelby County, Tennessee","Shelby County, Tennessee"
"","","Harrison County, Texas","Harrison County, Texas"
"","","Bowie County, Texas","Bowie County, Texas"
"","","Tooele County, Utah","Tooele County, Utah"
"","","Clark County, Washington","Clark County, Washington"
"","","Mason County, Washington","Mason County, Washington"
"","","Yavapai County, Arizona","Yavapai County, Arizona"
"","","Davis County, Utah","Davis County, Utah"
"","","Roanoke County, Virginia","Roanoke County, Virginia"
"","","Yakima County, Washington","Yakima County, Washington"
"","","Lewis County, Washington","Lewis County, Washington"
"","","Raleigh County, West Virginia","Raleigh County, West Virginia"
"","","Waukesha County, Wisconsin","Waukesha County, Wisconsin"
"","","Baldwin County, Alabama","Baldwin County, Alabama"
"","","San Diego County, California","San Diego County, California"
"","","San Mateo County, California","San Mateo County, California"
"","","El Dorado County, California","El Dorado County, California"
"","","Butte County, California","Butte County, California"
"","","South Central Connecticut Planning Region, Connecticut","South Central Connecticut Planning Region, Connecticut"
"","","Pinal County, Arizona","Pinal County, Arizona"
"","","Columbia County, Georgia","Columbia County, Georgia"
"","","Whitfield County, Georgia","Whitfield County, Georgia"
"","","Muskegon County, Michigan","Muskegon County, Michigan"
"","","Pottawatomie County, Oklahoma","Pottawatomie County, Oklahoma"
"","","Boulder County, Colorado","Boulder County, Colorado"
"","","Iberia Parish, Louisiana","Iberia Parish, Louisiana"
"","","Calcasieu Parish, Louisiana","Calcasieu Parish, Louisiana"
"","","Chester County, Pennsylvania","Chester County, Pennsylvania"
"","","Wayne County, Michigan","Wayne County, Michigan"
"","","Kings County, New York","Kings County, New York"
"","","Grand Traverse County, Michigan","Grand Traverse County, Michigan"
"","","Daviess County, Kentucky","Daviess County, Kentucky"
"","","Marion County, Florida","Marion County, Florida"
"","","Henry County, Georgia","Henry County, Georgia"
"","","Riley County, Kansas","Riley County, Kansas"
"","","Madison County, Kentucky","Madison County, Kentucky"
"","","Orleans Parish, Louisiana","Orleans Parish, Louisiana"
"","","Stearns County, Minnesota","Stearns County, Minnesota"
"","","Somerset County, New Jersey","Somerset County, New Jersey"
"","","Johnston County, North Carolina","Johnston County, North Carolina"
"","","Wagoner County, Oklahoma","Wagoner County, Oklahoma"
"","","Montgomery County, Pennsylvania","Montgomery County, Pennsylvania"
"","","Blair County, Pennsylvania","Blair County, Pennsylvania"
"","","Clearfield County, Pennsylvania","Clearfield County, Pennsylvania"
"","","Greenwood County, South Carolina","Greenwood County, South Carolina"
"","","Hamblen County, Tennessee","Hamblen County, Tennessee"
"","","Ector County, Texas","Ector County, Texas"
"","","Chesterfield County, Virginia","Chesterfield County, Virginia"
"","","Spotsylvania County, Virginia","Spotsylvania County, Virginia"
"","","Kanawha County, West Virginia","Kanawha County, West Virginia"
"","","Lake County, Illinois","Lake County, Illinois"
"","","Orange County, California","Orange County, California"
"","","Marin County, California","Marin County, California"
"","","Santa Clara County, California","Santa Clara County, California"
"","","San Joaquin County, California","San Joaquin County, California"
"","","Fresno County, California","Fresno County, California"
"","","Southeastern Connecticut Planning Region, Connecticut","Southeastern Connecticut Planning Region, Connecticut"
"","","Douglas County, Oregon","Douglas County, Oregon"
"","","Multnomah County, Oregon","Multnomah County, Oregon"
"","","Somerset County, Pennsylvania","Somerset County, Pennsylvania"
"","","Philadelphia County, Pennsylvania","Philadelphia County, Pennsylvania"
"","","Ulster County, New York","Ulster County, New York"
"","","Wilkes County, North Carolina","Wilkes County, North Carolina"
"","","Benton County, Oregon","Benton County, Oregon"
"","","Greene County, Tennessee","Greene County, Tennessee"
"","","Williamson County, Tennessee","Williamson County, Tennessee"
"","","Davidson County, Tennessee","Davidson County, Tennessee"
"","","Montgomery County, Texas","Montgomery County, Texas"
"","","Franklin County, Washington","Franklin County, Washington"
"","","Grant County, Washington","Grant County, Washington"
"","","Monterey County, California","Monterey County, California"
"","","Lake County, Indiana","Lake County, Indiana"
"","","Queens County, New York","Queens County, New York"
"","","Arapahoe County, Colorado","Arapahoe County, Colorado"
"","","Harford County, Maryland","Harford County, Maryland"
"","","Shelby County, Alabama","Shelby County, Alabama"
"","","Franklin County, Massachusetts","Franklin County, Massachusetts"
"","","Onslow County, North Carolina","Onslow County, North Carolina"
"","","Washington County, Pennsylvania","Washington County, Pennsylvania"
"","","Oconee County, South Carolina","Oconee County, South Carolina"
"","","Tangipahoa Parish, Louisiana","Tangipahoa Parish, Louisiana"
"","","Allegany County, Maryland","Allegany County, Maryland"
"","","Washoe County, Nevada","Washoe County, Nevada"
"","","Rockingham County, New Hampshire","Rockingham County, New Hampshire"
"","","Grafton County, New Hampshire","Grafton County, New Hampshire"
"","","Atlantic County, New Jersey","Atlantic County, New Jersey"
"","","Kauai County, Hawaii","Kauai County, Hawaii"
"","","Hidalgo County, Texas","Hidalgo County, Texas"
"","","Frederick County, Virginia","Frederick County, Virginia"
"","","Rockingham County, Virginia","Rockingham County, Virginia"
"","","Skagit County, Washington","Skagit County, Washington"
"","","White County, Arkansas","White County, Arkansas"
"","","Lonoke County, Arkansas","Lonoke County, Arkansas"
"","","Polk County, Florida","Polk County, Florida"
"","","Highlands County, Florida","Highlands County, Florida"
"","","Utah County, Utah","Utah County, Utah"
"","","Livingston Parish, Louisiana","Livingston Parish, Louisiana"
"","","Hinds County, Mississippi","Hinds County, Mississippi"
"","","Brevard County, Florida","Brevard County, Florida"
"","","Yuma County, Arizona","Yuma County, Arizona"
"","","Sebastian County, Arkansas","Sebastian County, Arkansas"
"","","Contra Costa County, California","Contra Costa County, California"
"","","Lower Connecticut River Valley Planning Region, Connecticut","Lower Connecticut River Valley Planning Region, Connecticut"
"","","Twin Falls County, Idaho","Twin Falls County, Idaho"
"","","St. Clair County, Michigan","St. Clair County, Michigan"
"","","Suffolk County, New York","Suffolk County, New York"
"","","Cumberland County, Maine","Cumberland County, Maine"
"","","St. Louis County, Missouri","St. Louis County, Missouri"
"","","Flathead County, Montana","Flathead County, Montana"
"","","Stafford County, Virginia","Stafford County, Virginia"
"","","Bibb County, Georgia","Bibb County, Georgia"
"","","Rowan County, North Carolina","Rowan County, North Carolina"
"","","Brazos County, Texas","Brazos County, Texas"
"","","San Juan Municipio, Puerto Rico","San Juan Municipio, Puerto Rico"
"","","Hillsborough County, Florida","Hillsborough County, Florida"
"","","Chatham County, Georgia","Chatham County, Georgia"
"","","DeKalb County, Alabama","DeKalb County, Alabama"
"","","Lake County, California","Lake County, California"
"","","Bucks County, Pennsylvania","Bucks County, Pennsylvania"
"","","Beaufort County, South Carolina","Beaufort County, South Carolina"
"","","Niagara County, New York","Niagara County, New York"
"","","Westchester County, New York","Westchester County, New York"
"","","Sullivan County, New York","Sullivan County, New York"
"","","Adams County, Colorado","Adams County, Colorado"
"","","Jefferson County, Alabama","Jefferson County, Alabama"
"","","Cass County, Missouri","Cass County, Missouri"
"","","Passaic County, New Jersey","Passaic County, New Jersey"
"","","Pender County, North Carolina","Pender County, North Carolina"
"","","Sumner County, Tennessee","Sumner County, Tennessee"
"","","Starr County, Texas","Starr County, Texas"
"","","Cowlitz County, Washington","Cowlitz County, Washington"
"","","Faulkner County, Arkansas","Faulkner County, Arkansas"
"","","Seminole County, Florida","Seminole County, Florida"
"","","Bossier Parish, Louisiana","Bossier Parish, Louisiana"
"","","Muskogee County, Oklahoma","Muskogee County, Oklahoma"
"","","Northumberland County, Pennsylvania","Northumberland County, Pennsylvania"
"","","Anderson County, Tennessee","Anderson County, Tennessee"
"","","Randall County, Texas","Randall County, Texas"
"","","San Luis Obispo County, California","San Luis Obispo County, California"
"","","Nevada County, California","Nevada County, California"
"","","Will County, Illinois","Will County, Illinois"
"","","Warren County, New York","Warren County, New York"
"","","Oswego County, New York","Oswego County, New York"
"","","Newport County, Rhode Island","Newport County, Rhode Island"
"","","Cabell County, West Virginia","Cabell County, West Virginia"
"","","Bannock County, Idaho","Bannock County, Idaho"
"","","Rapides Parish, Louisiana","Rapides Parish, Louisiana"
"","","Sandoval County, New Mexico","Sandoval County, New Mexico"
"","","Rutherford County, Tennessee","Rutherford County, Tennessee"
"","","Guadalupe County, Texas","Guadalupe County, Texas"
"","","Pinellas County, Florida","Pinellas County, Florida"
"","","Nueces County, Texas","Nueces County, Texas"
"","","Lake County, Florida","Lake County, Florida"
"","","Wright County, Minnesota","Wright County, Minnesota"
"","","Linn County, Oregon","Linn County, Oregon"
"","","Bexar County, Texas","Bexar County, Texas"
"","","Smith County, Texas","Smith County, Texas"
"","","District of Columbia, District of Columbia","District of Columbia, District of Columbia"
"","","Nassau County, Florida","Nassau County, Florida"
"","","Santa Cruz County, California","Santa Cruz County, California"
"","","Nassau County, New York","Nassau County, New York"
"","","Essex County, Massachusetts","Essex County, Massachusetts"
"","","Jefferson County, Missouri","Jefferson County, Missouri"
"","","Essex County, New Jersey","Essex County, New Jersey"
"","","Tippecanoe County, Indiana","Tippecanoe County, Indiana"
"","","Greenville County, South Carolina","Greenville County, South Carolina"
"","","Cameron County, Texas","Cameron County, Texas"
"","","East Baton Rouge Parish, Louisiana","East Baton Rouge Parish, Louisiana"
"","","Brazoria County, Texas","Brazoria County, Texas"
"","","Kitsap County, Washington","Kitsap County, Washington"
"","","Richland County, South Carolina","Richland County, South Carolina"
"","","DeSoto County, Mississippi","DeSoto County, Mississippi"
"","","Grand Forks County, North Dakota","Grand Forks County, North Dakota"
"","","Horry County, South Carolina","Horry County, South Carolina"
"","","Fulton County, Georgia","Fulton County, Georgia"
"","","Maui County, Hawaii","Maui County, Hawaii"
"","","Lafayette Parish, Louisiana","Lafayette Parish, Louisiana"
"","","Boone County, Missouri","Boone County, Missouri"
"","","Tulare County, California","Tulare County, California"
"","","Monroe County, Pennsylvania","Monroe County, Pennsylvania"
"","","York County, Virginia","York County, Virginia"
"","","Island County, Washington","Island County, Washington"
"","","Yolo County, California","Yolo County, California"
"","","Lafourche Parish, Louisiana","Lafourche Parish, Louisiana"
"","","Washington County, Minnesota","Washington County, Minnesota"
"","","Erie County, Ohio","Erie County, Ohio"
"","","St. Johns County, Florida","St. Johns County, Florida"
"","","Flagler County, Florida","Flagler County, Florida"
"","","Cumberland County, North Carolina","Cumberland County, North Carolina"
"","","Deschutes County, Oregon","Deschutes County, Oregon"
"","","Lexington County, South Carolina","Lexington County, South Carolina"
"","","Camden County, New Jersey","Camden County, New Jersey"
"","","Orange County, Texas","Orange County, Texas"
"","","Berkeley County, West Virginia","Berkeley County, West Virginia"
"","","San Benito County, California","San Benito County, California"
"","","Douglas County, Colorado","Douglas County, Colorado"
"","","Nash County, North Carolina","Nash County, North Carolina"
"","","Davidson County, North Carolina","Davidson County, North Carolina"
"","","Westmoreland County, Pennsylvania","Westmoreland County, Pennsylvania"
"","","Henrico County, Virginia","Henrico County, Virginia"
"","","Western Connecticut Planning Region, Connecticut","Western Connecticut Planning Region, Connecticut"
"","","Madison County, Tennessee","Madison County, Tennessee"
"","","Calvert County, Maryland","Calvert County, Maryland"
"","","Naugatuck Valley Planning Region, Connecticut","Naugatuck Valley Planning Region, Connecticut"
"","","Bulloch County, Georgia","Bulloch County, Georgia"
"","","Solano County, California","Solano County, California"
"","","Liberty County, Georgia","Liberty County, Georgia"
"","","Mobile County, Alabama","Mobile County, Alabama"
"","","Navajo County, Arizona","Navajo County, Arizona"
"","","Stanislaus County, California","Stanislaus County, California"
"","","Monroe County, Florida","Monroe County, Florida"
"","","Manatee County, Florida","Manatee County, Florida"
"","","Greater Bridgeport Planning Region, Connecticut","Greater Bridgeport Planning Region, Connecticut"
"","","Kankakee County, Illinois","Kankakee County, Illinois"
"","","Troup County, Georgia","Troup County, Georgia"
"","","Madison County, Illinois","Madison County, Illinois"
"","","DeKalb County, Illinois","DeKalb County, Illinois"
"","","Kane County, Illinois","Kane County, Illinois"
"","","Tazewell County, Illinois","Tazewell County, Illinois"
"","","Walker County, Georgia","Walker County, Georgia"
"","","Dubuque County, Iowa","Dubuque County, Iowa"
"","","Berrien County, Michigan","Berrien County, Michigan"
"","","Allegan County, Michigan","Allegan County, Michigan"
"","","Ottawa County, Michigan","Ottawa County, Michigan"
"","","Ingham County, Michigan","Ingham County, Michigan"
"","","Tulsa County, Oklahoma","Tulsa County, Oklahoma"
"","","Putnam County, New York","Putnam County, New York"
"","","Erie County, New York","Erie County, New York"
"","","Eaton County, Michigan","Eaton County, Michigan"
"","","Shiawassee County, Michigan","Shiawassee County, Michigan"
"","","Albany County, New York","Albany County, New York"
"","","Morgan County, Alabama","Morgan County, Alabama"
"","","Bay County, Michigan","Bay County, Michigan"
"","","Washington County, Oregon","Washington County, Oregon"
"","","Natrona County, Wyoming","Natrona County, Wyoming"
"","","Belmont County, Ohio","Belmont County, Ohio"
"","","Yamhill County, Oregon","Yamhill County, Oregon"
"","","Allegheny County, Pennsylvania","Allegheny County, Pennsylvania"
"","","Armstrong County, Pennsylvania","Armstrong County, Pennsylvania"
"","","Bayamón Municipio, Puerto Rico","Bayamón Municipio, Puerto Rico"
"","","Sarasota County, Florida","Sarasota County, Florida"
"","","Collier County, Florida","Collier County, Florida"
"","","Clermont County, Ohio","Clermont County, Ohio"
"","","Lehigh County, Pennsylvania","Lehigh County, Pennsylvania"
"","","Palm Beach County, Florida","Palm Beach County, Florida"
"","","Indian River County, Florida","Indian River County, Florida"
"","","Lorain County, Ohio","Lorain County, Ohio"
"","","Ashtabula County, Ohio","Ashtabula County, Ohio"
"","","Champaign County, Illinois","Champaign County, Illinois"
"","","Fort Bend County, Texas","Fort Bend County, Texas"
"","","Guaynabo Municipio, Puerto Rico","Guaynabo Municipio, Puerto Rico"
"","","Vermilion County, Illinois","Vermilion County, Illinois"
"","","Merrimack County, New Hampshire","Merrimack County, New Hampshire"
"","","Denton County, Texas","Denton County, Texas"
"","","Williamson County, Illinois","Williamson County, Illinois"
"","","Bell County, Texas","Bell County, Texas"
"","","Hunt County, Texas","Hunt County, Texas"
"","","Caguas Municipio, Puerto Rico","Caguas Municipio, Puerto Rico"
"","","Limestone County, Alabama","Limestone County, Alabama"
"","","Cochise County, Arizona","Cochise County, Arizona"
"","","Wake County, North Carolina","Wake County, North Carolina"
"","","Randolph County, North Carolina","Randolph County, North Carolina"
"","","Coryell County, Texas","Coryell County, Texas"
"","","Catawba County, North Carolina","Catawba County, North Carolina"
"","","Gregg County, Texas","Gregg County, Texas"
"","","Trujillo Alto Municipio, Puerto Rico","Trujillo Alto Municipio, Puerto Rico"
"","","San Francisco County, California","San Francisco County, California"
"","","Placer County, California","Placer County, California"
"","","Kern County, California","Kern County, California"
"","","Burleigh County, North Dakota","Burleigh County, North Dakota"
"","","Allen County, Ohio","Allen County, Ohio"
"","","Richland County, Ohio","Richland County, Ohio"
"","","Northwest Hills Planning Region, Connecticut","Northwest Hills Planning Region, Connecticut"
"","","Portage County, Ohio","Portage County, Ohio"
"","","Scioto County, Ohio","Scioto County, Ohio"
"","","Columbiana County, Ohio","Columbiana County, Ohio"
"","","Mahoning County, Ohio","Mahoning County, Ohio"
"","","Dane County, Wisconsin","Dane County, Wisconsin"
"","","Boone County, Indiana","Boone County, Indiana"
"","","Ada County, Idaho","Ada County, Idaho"
"","","Portsmouth city, Virginia","Portsmouth city, Virginia"
"","","Suffolk city, Virginia","Suffolk city, Virginia"
"","","Cheshire County, New Hampshire","Cheshire County, New Hampshire"
"","","Spokane County, Washington","Spokane County, Washington"
"","","Warren County, Kentucky","Warren County, Kentucky"
"","","Richmond County, New York","Richmond County, New York"
"","","Sheboygan County, Wisconsin","Sheboygan County, Wisconsin"
"","","Gaston County, North Carolina","Gaston County, North Carolina"
"","","Kenosha County, Wisconsin","Kenosha County, Wisconsin"
"","","Rock County, Wisconsin","Rock County, Wisconsin"
"","","Black Hawk County, Iowa","Black Hawk County, Iowa"
"","","Butler County, Ohio","Butler County, Ohio"
"","","Sedgwick County, Kansas","Sedgwick County, Kansas"
"","","Pulaski County, Arkansas","Pulaski County, Arkansas"
"","","Rice County, Minnesota","Rice County, Minnesota"
"","","Forrest County, Mississippi","Forrest County, Mississippi"
"","","Greene County, Missouri","Greene County, Missouri"
"","","St. Louis city, Missouri","St. Louis city, Missouri"
"","","Lincoln County, South Dakota","Lincoln County, South Dakota"
"","","Rockdale County, Georgia","Rockdale County, Georgia"
"","","Jasper County, Missouri","Jasper County, Missouri"
"","","Montgomery County, Tennessee","Montgomery County, Tennessee"
"","","Floyd County, Georgia","Floyd County, Georgia"
"","","Clay County, Missouri","Clay County, Missouri"
"","","Dougherty County, Georgia","Dougherty County, Georgia"
"","","Walton County, Georgia","Walton County, Georgia"
"","","Clarke County, Georgia","Clarke County, Georgia"
"","","Monroe County, Indiana","Monroe County, Indiana"
"","","Garland County, Arkansas","Garland County, Arkansas"
"","","Crow Wing County, Minnesota","Crow Wing County, Minnesota"
"","","Olmsted County, Minnesota","Olmsted County, Minnesota"
"","","Bradley County, Tennessee","Bradley County, Tennessee"
"","","Carver County, Minnesota","Carver County, Minnesota"
"","","Story County, Iowa","Story County, Iowa"
"","","Clay County, Florida","Clay County, Florida"
"","","Cherokee County, Georgia","Cherokee County, Georgia"
"","","Butler County, Kansas","Butler County, Kansas"
"","","Cobb County, Georgia","Cobb County, Georgia"
"","","Shawnee County, Kansas","Shawnee County, Kansas"
"","","Hampton city, Virginia","Hampton city, Virginia"
"","","Bartow County, Georgia","Bartow County, Georgia"
"","","Norfolk city, Virginia","Norfolk city, Virginia"
"","","Virginia Beach city, Virginia","Virginia Beach city, Virginia"
"","","Arlington County, Virginia","Arlington County, Virginia"
"","","Chesapeake city, Virginia","Chesapeake city, Virginia"
"","","Spalding County, Georgia","Spalding County, Georgia"
"","","Minnehaha County, South Dakota","Minnehaha County, South Dakota"
"","","Androscoggin County, Maine","Androscoggin County, Maine"
"","","Walworth County, Wisconsin","Walworth County, Wisconsin"
"","","Kennebec County, Maine","Kennebec County, Maine"
"","","Lapeer County, Michigan","Lapeer County, Michigan"
"","","La Crosse County, Wisconsin","La Crosse County, Wisconsin"
"","","Anoka County, Minnesota","Anoka County, Minnesota"
"","","Ramsey County, Minnesota","Ramsey County, Minnesota"
"","","Sherburne County, Minnesota","Sherburne County, Minnesota"
"","","Hendricks County, Indiana","Hendricks County, Indiana"
"","","Delaware County, Indiana","Delaware County, Indiana"
"","","Bartholomew County, Indiana","Bartholomew County, Indiana"
"","","Wicomico County, Maryland","Wicomico County, Maryland"
"","","Anne Arundel County, Maryland","Anne Arundel County, Maryland"
"","","Peoria County, Illinois","Peoria County, Illinois"
"","","Baltimore city, Maryland","Baltimore city, Maryland"
"","","Livingston County, Michigan","Livingston County, Michigan"
"","","Sarpy County, Nebraska","Sarpy County, Nebraska"
"","","Madison County, Indiana","Madison County, Indiana"
"","","Leavenworth County, Kansas","Leavenworth County, Kansas"
"","","McKinley County, New Mexico","McKinley County, New Mexico"
"","","Bonneville County, Idaho","Bonneville County, Idaho"
"","","Wyandotte County, Kansas","Wyandotte County, Kansas"
"","","Otero County, New Mexico","Otero County, New Mexico"
"","","Cleveland County, North Carolina","Cleveland County, North Carolina"
"","","Kootenai County, Idaho","Kootenai County, Idaho"
"","","Bronx County, New York","Bronx County, New York"
"","","Jackson County, Mississippi","Jackson County, Mississippi"
"","","Union County, North Carolina","Union County, North Carolina"
"","","Washtenaw County, Michigan","Washtenaw County, Michigan"
"","","Monroe County, New York","Monroe County, New York"
"","","Clark County, Indiana","Clark County, Indiana"
"","","Vigo County, Indiana","Vigo County, Indiana"
"","","McCracken County, Kentucky","McCracken County, Kentucky"
"","","Ocean County, New Jersey","Ocean County, New Jersey"
"","","Monmouth County, New Jersey","Monmouth County, New Jersey"
"","","Marion County, Indiana","Marion County, Indiana"
"","","Kent County, Michigan","Kent County, Michigan"
"","","El Paso County, Colorado","El Paso County, Colorado"
"","","Hudson County, New Jersey","Hudson County, New Jersey"
"","","Union County, New Jersey","Union County, New Jersey"
"","","Oakland County, Michigan","Oakland County, Michigan"
"","","Rockland County, New York","Rockland County, New York"
"","","Oklahoma County, Oklahoma","Oklahoma County, Oklahoma"
"","","St. Joseph County, Indiana","St. Joseph County, Indiana"
"","","Ionia County, Michigan","Ionia County, Michigan"
"","","Platte County, Missouri","Platte County, Missouri"
"","","Wayne County, Indiana","Wayne County, Indiana"
"","","Umatilla County, Oregon","Umatilla County, Oregon"
"","","Lawrence County, Pennsylvania","Lawrence County, Pennsylvania"
"","","Pottawattamie County, Iowa","Pottawattamie County, Iowa"
"","","Mercer County, Pennsylvania","Mercer County, Pennsylvania"
"","","Vanderburgh County, Indiana","Vanderburgh County, Indiana"
"","","Christian County, Kentucky","Christian County, Kentucky"
"","","Creek County, Oklahoma","Creek County, Oklahoma"
"","","Oldham County, Kentucky","Oldham County, Kentucky"
"","","Tuscaloosa County, Alabama","Tuscaloosa County, Alabama"
"","","Calhoun County, Alabama","Calhoun County, Alabama"
"","","Kalamazoo County, Michigan","Kalamazoo County, Michigan"
"","","Saginaw County, Michigan","Saginaw County, Michigan"
"","","Terrebonne Parish, Louisiana","Terrebonne Parish, Louisiana"
"","","Elkhart County, Indiana","Elkhart County, Indiana"
"","","Ontario County, New York","Ontario County, New York"
"","","Dodge County, Wisconsin","Dodge County, Wisconsin"
"","","Clinton County, Michigan","Clinton County, Michigan"
"","","Jefferson County, Kentucky","Jefferson County, Kentucky"
"","","Campbell County, Kentucky","Campbell County, Kentucky"
"","","Outagamie County, Wisconsin","Outagamie County, Wisconsin"
"","","Chippewa County, Wisconsin","Chippewa County, Wisconsin"
"","","Hamilton County, Indiana","Hamilton County, Indiana"
"","","Rensselaer County, New York","Rensselaer County, New York"
"","","Pulaski County, Kentucky","Pulaski County, Kentucky"
"","","Schenectady County, New York","Schenectady County, New York"
"","","Craighead County, Arkansas","Craighead County, Arkansas"
"","","Rogers County, Oklahoma","Rogers County, Oklahoma"
"","","Broome County, New York","Broome County, New York"
"","","Monongalia County, West Virginia","Monongalia County, West Virginia"
"","","Milwaukee County, Wisconsin","Milwaukee County, Wisconsin"
"","","Canadian County, Oklahoma","Canadian County, Oklahoma"
"","","Kings County, California","Kings County, California"
"","","Racine County, Wisconsin","Racine County, Wisconsin"
"","","Lauderdale County, Alabama","Lauderdale County, Alabama"
"","","Pima County, Arizona","Pima County, Arizona"
"","","Dutchess County, New York","Dutchess County, New York"
"","","Comanche County, Oklahoma","Comanche County, Oklahoma"
"","","Midland County, Michigan","Midland County, Michigan"
"","","Lynchburg city, Virginia","Lynchburg city, Virginia"
"","","Washington County, Arkansas","Washington County, Arkansas"
"","","Sacramento County, California","Sacramento County, California"
"","","Kent County, Delaware","Kent County, Delaware"
"","","Santa Rosa County, Florida","Santa Rosa County, Florida"
"","","Calhoun County, Michigan","Calhoun County, Michigan"
"","","Broward County, Florida","Broward County, Florida"
"","","Richmond city, Virginia","Richmond city, Virginia"
"","","Kent County, Rhode Island","Kent County, Rhode Island"
"","","Sangamon County, Illinois","Sangamon County, Illinois"
"","","Warrick County, Indiana","Warrick County, Indiana"
"","","Floyd County, Indiana","Floyd County, Indiana"
"","","Roanoke city, Virginia","Roanoke city, Virginia"
"","","Montcalm County, Michigan","Montcalm County, Michigan"
"","","Van Buren County, Michigan","Van Buren County, Michigan"
"","","Hancock County, Indiana","Hancock County, Indiana"
"","","Morgan County, Indiana","Morgan County, Indiana"
"","","Lenawee County, Michigan","Lenawee County, Michigan"
"","","Johnson County, Iowa","Johnson County, Iowa"
"","","Porter County, Indiana","Porter County, Indiana"
"","","Johnson County, Kansas","Johnson County, Kansas"
"","","Christian County, Missouri","Christian County, Missouri"
"","","Ward County, North Dakota","Ward County, North Dakota"
"","","Lea County, New Mexico","Lea County, New Mexico"
"","","Tuscarawas County, Ohio","Tuscarawas County, Ohio"
"","","Clark County, Ohio","Clark County, Ohio"
"","","Steuben County, New York","Steuben County, New York"
"","","Miami County, Ohio","Miami County, Ohio"
"","","Montgomery County, Ohio","Montgomery County, Ohio"
"","","Delaware County, Ohio","Delaware County, Ohio"
"","","Fairfield County, Ohio","Fairfield County, Ohio"
"","","Summit County, Ohio","Summit County, Ohio"
"","","Rockwall County, Texas","Rockwall County, Texas"
"","","Hays County, Texas","Hays County, Texas"
"","","Yellowstone County, Montana","Yellowstone County, Montana"
"","","Union County, Ohio","Union County, Ohio"
"","","Greene County, Ohio","Greene County, Ohio"
"","","Kaufman County, Texas","Kaufman County, Texas"
"","","Grayson County, Texas","Grayson County, Texas"
"","","Snohomish County, Washington","Snohomish County, Washington"
"","","Stark County, Ohio","Stark County, Ohio"
"","","Liberty County, Texas","Liberty County, Texas"
"","","Hood County, Texas","Hood County, Texas"
"","","Wood County, Ohio","Wood County, Ohio"
"","","Geauga County, Ohio","Geauga County, Ohio"
"","","Plymouth County, Massachusetts","Plymouth County, Massachusetts"
"","","Buchanan County, Missouri","Buchanan County, Missouri"
"","","Jones County, Mississippi","Jones County, Mississippi"
"","","Douglas County, Nebraska","Douglas County, Nebraska"
"","","Bernalillo County, New Mexico","Bernalillo County, New Mexico"
"","","Berks County, Pennsylvania","Berks County, Pennsylvania"
"","","Tompkins County, New York","Tompkins County, New York"
"","","Schuylkill County, Pennsylvania","Schuylkill County, Pennsylvania"
"","","Lee County, North Carolina","Lee County, North Carolina"
"","","Franklin County, North Carolina","Franklin County, North Carolina"
"","","Medina County, Ohio","Medina County, Ohio"
"","","Lackawanna County, Pennsylvania","Lackawanna County, Pennsylvania"
"","","Cumberland County, Pennsylvania","Cumberland County, Pennsylvania"
"","","Linn County, Iowa","Linn County, Iowa"
"","","Brown County, Wisconsin","Brown County, Wisconsin"
"","","Catoosa County, Georgia","Catoosa County, Georgia"
"","","Midland County, Texas","Midland County, Texas"
"","","Trumbull County, Ohio","Trumbull County, Ohio"
"","","Beaver County, Pennsylvania","Beaver County, Pennsylvania"
"","","Winnebago County, Wisconsin","Winnebago County, Wisconsin"
"","","Lancaster County, Nebraska","Lancaster County, Nebraska"
"","","Howard County, Indiana","Howard County, Indiana"
"","","Newport News city, Virginia","Newport News city, Virginia"
"","","Payne County, Oklahoma","Payne County, Oklahoma"
"","","Martin County, Florida","Martin County, Florida"
"","","Anchorage Municipality, Alaska","Anchorage Municipality, Alaska"
"","","Doña Ana County, New Mexico","Doña Ana County, New Mexico"
"","","Chemung County, New York","Chemung County, New York"
"","","Ozaukee County, Wisconsin","Ozaukee County, Wisconsin"
"","","Laramie County, Wyoming","Laramie County, Wyoming"
"","","Clallam County, Washington","Clallam County, Washington"
"","","Lauderdale County, Mississippi","Lauderdale County, Mississippi"
"","","Manitowoc County, Wisconsin","Manitowoc County, Wisconsin"
"","","Craven County, North Carolina","Craven County, North Carolina"
"","","Clayton County, Georgia","Clayton County, Georgia"
"","","Grant County, Indiana","Grant County, Indiana"
"","","Wayne County, New York","Wayne County, New York"
"","","Kosciusko County, Indiana","Kosciusko County, Indiana"
"","","Cayuga County, New York","Cayuga County, New York"
"","","Paulding County, Georgia","Paulding County, Georgia"
"","","Surry County, North Carolina","Surry County, North Carolina"
"","","Franklin County, Missouri","Franklin County, Missouri"
"","","Penobscot County, Maine","Penobscot County, Maine"
"","","Santa Fe County, New Mexico","Santa Fe County, New Mexico"
"","","Cabarrus County, North Carolina","Cabarrus County, North Carolina"
"","","Bay County, Florida","Bay County, Florida"
"","","St. Lucie County, Florida","St. Lucie County, Florida"
"","","Cole County, Missouri","Cole County, Missouri"
"","","LaSalle County, Illinois","LaSalle County, Illinois"
"","","Carroll County, Georgia","Carroll County, Georgia"
"","","Tarrant County, Texas","Tarrant County, Texas"
"","","Dallas County, Texas","Dallas County, Texas"
"","","Wise County, Texas","Wise County, Texas"
"","","Macon County, Illinois","Macon County, Illinois"
"","","Collin County, Texas","Collin County, Texas"
"","","Potter County, Texas","Potter County, Texas"
"","","Lubbock County, Texas","Lubbock County, Texas"
"","","Johnson County, Texas","Johnson County, Texas"
"","","Tom Green County, Texas","Tom Green County, Texas"
"","","McLennan County, Texas","McLennan County, Texas"
"","","Valencia County, New Mexico","Valencia County, New Mexico"
"","","San Bernardino County, California","San Bernardino County, California"
"","","Northeastern Connecticut Planning Region, Connecticut","Northeastern Connecticut Planning Region, Connecticut"
"","","Lake County, Ohio","Lake County, Ohio"
"","","Jackson County, Oregon","Jackson County, Oregon"
"","","Charlotte County, Florida","Charlotte County, Florida"
"","","Alamance County, North Carolina","Alamance County, North Carolina"
"","","Durham County, North Carolina","Durham County, North Carolina"
"","","Crawford County, Pennsylvania","Crawford County, Pennsylvania"
"","","McLean County, Illinois","McLean County, Illinois"
"","","Genesee County, Michigan","Genesee County, Michigan"
"","","Wayne County, North Carolina","Wayne County, North Carolina"
"","","Iredell County, North Carolina","Iredell County, North Carolina"
"","","Portage County, Wisconsin","Portage County, Wisconsin"
"","","Boone County, Kentucky","Boone County, Kentucky"
"","","Lincoln County, North Carolina","Lincoln County, North Carolina"
"","","Forsyth County, North Carolina","Forsyth County, North Carolina"
"","","Franklin County, Ohio","Franklin County, Ohio"
"","","Hancock County, Ohio","Hancock County, Ohio"
"","","Guilford County, North Carolina","Guilford County, North Carolina"
"","","Wilson County, North Carolina","Wilson County, North Carolina"
"","","Warren County, Ohio","Warren County, Ohio"
"","","Arecibo Municipio, Puerto Rico","Arecibo Municipio, Puerto Rico"
"","","Wayne County, Ohio","Wayne County, Ohio"
"","","Luzerne County, Pennsylvania","Luzerne County, Pennsylvania"
"","","Lycoming County, Pennsylvania","Lycoming County, Pennsylvania"
"","","Polk County, Oregon","Polk County, Oregon"
"","","Lebanon County, Pennsylvania","Lebanon County, Pennsylvania"
"","","Butler County, Pennsylvania","Butler County, Pennsylvania"
"","","Cambria County, Pennsylvania","Cambria County, Pennsylvania"
"","","St. Francois County, Missouri","St. Francois County, Missouri"
"","","Putnam County, Tennessee","Putnam County, Tennessee"
"","","LaPorte County, Indiana","LaPorte County, Indiana"
"","","Parker County, Texas","Parker County, Texas"
"","","Sussex County, New Jersey","Sussex County, New Jersey"
"","","Fond du Lac County, Wisconsin","Fond du Lac County, Wisconsin"
"","","Alexandria city, Virginia","Alexandria city, Virginia"
"","","Rockingham County, North Carolina","Rockingham County, North Carolina"
"","","St. Croix County, Wisconsin","St. Croix County, Wisconsin"
"","","Bastrop County, Texas","Bastrop County, Texas"
"","","Carroll County, Maryland","Carroll County, Maryland"
"","","Washington County, Rhode Island","Washington County, Rhode Island"
"","","Coweta County, Georgia","Coweta County, Georgia"
"","","Eau Claire County, Wisconsin","Eau Claire County, Wisconsin"
"","","Norfolk County, Massachusetts","Norfolk County, Massachusetts"
"","","Okaloosa County, Florida","Okaloosa County, Florida"
"","","Jefferson County, Wisconsin","Jefferson County, Wisconsin"
"","","Lee County, Alabama","Lee County, Alabama"
"","","Harrison County, Mississippi","Harrison County, Mississippi"
"","","McHenry County, Illinois","McHenry County, Illinois"
"","","Winnebago County, Illinois","Winnebago County, Illinois"
"","","Allen County, Indiana","Allen County, Indiana"
"","","Pueblo County, Colorado","Pueblo County, Colorado"
"","","Kenton County, Kentucky","Kenton County, Kentucky"
"","","Woodbury County, Iowa","Woodbury County, Iowa"
"","","Fauquier County, Virginia","Fauquier County, Virginia"
"","","Orange County, North Carolina","Orange County, North Carolina"
"","","St. Lawrence County, New York","St. Lawrence County, New York"
"","","Licking County, Ohio","Licking County, Ohio"
"","","Douglas County, Kansas","Douglas County, Kansas"
"","","Ross County, Ohio","Ross County, Ohio"
"","","St. Clair County, Illinois","St. Clair County, Illinois"
"","","Washington County, Utah","Washington County, Utah"
"","","Jackson County, Michigan","Jackson County, Michigan"
"","","Wood County, Wisconsin","Wood County, Wisconsin"
"","","Toa Baja Municipio, Puerto Rico","Toa Baja Municipio, Puerto Rico"
"","","Chittenden County, Vermont","Chittenden County, Vermont"
"","","Chelan County, Washington","Chelan County, Washington"
"","","Marathon County, Wisconsin","Marathon County, Wisconsin"
"","","Washington County, Wisconsin","Washington County, Wisconsin"
"","","Toa Alta Municipio, Puerto Rico","Toa Alta Municipio, Puerto Rico"
"","","Adams County, Pennsylvania","Adams County, Pennsylvania"
"","","Broomfield County, Colorado","Broomfield County, Colorado"
"","","Kendall County, Illinois","Kendall County, Illinois"
"","","Berkshire County, Massachusetts","Berkshire County, Massachusetts"
"","","Carbon County, Pennsylvania","Carbon County, Pennsylvania"
"","","Hillsborough County, New Hampshire","Hillsborough County, New Hampshire"
"","","Wichita County, Texas","Wichita County, Texas"
"","","Chatham County, North Carolina","Chatham County, North Carolina"
"","","Ascension Parish, Louisiana","Ascension Parish, Louisiana"
"","","Forsyth County, Georgia","Forsyth County, Georgia"
"","","Dakota County, Minnesota","Dakota County, Minnesota"
"","","Washington County, Tennessee","Washington County, Tennessee"
"","","Saline County, Arkansas","Saline County, Arkansas"
"","","Douglas County, Georgia","Douglas County, Georgia"
"","","Polk County, Iowa","Polk County, Iowa"
"","","Dallas County, Iowa","Dallas County, Iowa"
"","","Muskingum County, Ohio","Muskingum County, Ohio"
"","","X","Georgetown County, South Carolina"
"","","X","Stanly County, North Carolina"
"","","X","Rutherford County, North Carolina"
"","","X","Nacogdoches County, Texas"
"","","X","Columbia County, Pennsylvania"
"","","X","Belknap County, New Hampshire"
